{"train position": 0.0009795502992346883, "train rotation": 4.3569593799475115e-07, "train gripper": 5.384968244470656e-05, "train total": 0.0010338356951251626, "_timestamp": 1678568196.1541212, "_runtime": 1274.1841702461243, "_step": 611, "val-1-position": 0.001098033506423235, "val-1-rotation": 4.290339461476833e-07, "val-1-gripper": 5.359611168387346e-05, "val-1-total": 0.001152058714069426, "_wandb": {"runtime": 1274}}