{"train position": 6.844934250693768e-05, "train rotation": 1.0330229542887537e-06, "train gripper": 6.415333542175716e-11, "train total": 6.948243390070274e-05, "lr": 0.00026324245419147557, "_timestamp": 1679585865.7946515, "_runtime": 1163.9242525100708, "_step": 2079, "val-10-position": 0.003131998237222433, "val-10-rotation": 1.6916537788347341e-06, "val-10-gripper": 3.0434101461196406e-08, "val-10-total": 0.0031337204854935408, "val-1-position": 0.001963671762496233, "val-1-rotation": 1.1608304930632585e-06, "val-1-gripper": 3.223875610913751e-09, "val-1-total": 0.0019648359157145023, "_wandb": {"runtime": 1163}}