{"train position": 0.018233634531497955, "train rotation": 9.715877240523696e-07, "train gripper": 5.1786588301183656e-05, "train total": 0.018286393955349922, "_timestamp": 1678572020.2016497, "_runtime": 1478.9585337638855, "_step": 611, "val-1-position": 0.02295667678117752, "val-1-rotation": 9.100454576582706e-07, "val-1-gripper": 5.1585746405180544e-05, "val-1-total": 0.023009175434708595, "_wandb": {"runtime": 1478}}