{"train position": 0.003874282818287611, "train rotation": 4.5369546342044487e-07, "train gripper": 1.5778470697114244e-05, "train total": 0.003890515072271228, "_timestamp": 1678583998.0660565, "_runtime": 2544.2546315193176, "_step": 815, "val-2-position": 0.00793197937309742, "val-2-rotation": 9.419283060196904e-07, "val-2-gripper": 1.5782872651470825e-05, "val-2-total": 0.007948704063892365, "_wandb": {"runtime": 2543}}