{"train position": 9.848209447227418e-05, "train rotation": 9.596123163646553e-06, "train gripper": 1.5749161548228585e-06, "train total": 0.00010965313413180411, "lr": 1.266800268735244e-05, "_timestamp": 1680711171.9379663, "_runtime": 1790.6820483207703, "_step": 2079, "val-10-position": 0.00036592100514099, "val-10-rotation": 9.357640919915866e-06, "val-10-gripper": 5.610713174064585e-07, "val-10-total": 0.0003758397069759667, "val-7-position": 0.00462618051096797, "val-7-rotation": 1.1469000128272455e-05, "val-7-gripper": 6.447800728892616e-07, "val-7-total": 0.004638294223695993, "_wandb": {"runtime": 1790}}