{"train position": 0.00010119652142748237, "train rotation": 2.8504177862487268e-06, "train gripper": 4.400385660119355e-05, "train total": 0.00014805079263169318, "_timestamp": 1678578630.0627475, "_runtime": 1705.144870519638, "_step": 611, "val-1-position": 0.0004497897461988032, "val-1-rotation": 3.1486438274441753e-06, "val-1-gripper": 4.378440644359216e-05, "val-1-total": 0.0004967228742316365, "_wandb": {"runtime": 1705}}