{"train position": 0.00215398077853024, "train rotation": 1.3625144674733747e-06, "train gripper": 3.052672400372103e-05, "train total": 0.002185869961977005, "_timestamp": 1678592205.9502025, "_runtime": 2618.1633014678955, "_step": 815, "val-2-position": 0.002538681495934725, "val-2-rotation": 1.5496468677156372e-06, "val-2-gripper": 3.0397064620046876e-05, "val-2-total": 0.002570628421381116, "_wandb": {"runtime": 2617}}