{"train position": 0.0015001087449491024, "train rotation": 2.6114371394214686e-06, "train gripper": 2.5701512029741025e-09, "train total": 0.0015027227345854044, "lr": 0.0002545423562934518, "_timestamp": 1679625852.7899601, "_runtime": 1235.286422252655, "_step": 2079, "val-10-position": 0.013604501262307167, "val-10-rotation": 2.155582478735596e-06, "val-10-gripper": 1.243173675113951e-09, "val-10-total": 0.013606658205389977, "val-1-position": 0.009935488924384117, "val-1-rotation": 6.172135726956185e-06, "val-1-gripper": 2.04268602033153e-08, "val-1-total": 0.009941683150827885, "_wandb": {"runtime": 1234}}