{"train position": 0.0013724805321544409, "train rotation": 7.353692126343958e-07, "train gripper": 3.0341623642016202e-05, "train total": 0.0014035576023161411, "_timestamp": 1678589257.7776237, "_runtime": 2536.0910856723785, "_step": 815, "val-2-position": 0.001367460936307907, "val-2-rotation": 2.3967495508259162e-06, "val-2-gripper": 3.0283903470262885e-05, "val-2-total": 0.0014001415111124516, "_wandb": {"runtime": 2535}}