{"train position": 4.2431463953107595e-05, "train rotation": 4.581993380270433e-06, "train gripper": 2.6564305244392017e-07, "train total": 4.727909981738776e-05, "lr": 5.090847125869036e-05, "_timestamp": 1679954795.0626128, "_runtime": 1251.7300097942352, "_step": 2119, "val-1-position": 4.043837179779075e-05, "val-1-rotation": 5.663635874952888e-06, "val-1-gripper": 2.3845936425459513e-07, "val-1-total": 4.634046490537003e-05, "val-4-position": 0.0008797761984169483, "val-4-rotation": 6.3736329138919245e-06, "val-4-gripper": 4.959492230227625e-07, "val-4-total": 0.0008866457501426339, "val-10-position": 0.00017117327661253512, "val-10-rotation": 5.24417509950581e-06, "val-10-gripper": 1.9751703916881524e-07, "val-10-total": 0.0001766149653121829, "_wandb": {"runtime": 1251}}