{"train position": 0.024165892973542213, "train rotation": 5.36764275693713e-07, "train gripper": 3.1417668651556596e-05, "train total": 0.02419784665107727, "_timestamp": 1678571811.0070565, "_runtime": 1270.0698494911194, "_step": 611, "val-1-position": 0.021845165640115738, "val-1-rotation": 6.195522246343899e-07, "val-1-gripper": 3.1185802072286606e-05, "val-1-total": 0.021876972168684006, "_wandb": {"runtime": 1270}}