{"train position": 3.5995377402286977e-05, "train rotation": 1.008306753647048e-06, "train gripper": 1.544718344348439e-07, "train total": 3.7158155464567244e-05, "_timestamp": 1679236322.1091042, "_runtime": 240.42656826972961, "_step": 407, "val-0-position": 2.2897645976627246e-05, "val-0-rotation": 7.097818297552294e-07, "val-0-gripper": 1.5395424668440683e-07, "val-0-total": 2.3761382180964574e-05, "_wandb": {"runtime": 240}}