{"train position": 0.00036420096876099706, "train rotation": 5.279611627884151e-07, "train gripper": 4.97369700993701e-25, "train total": 0.00036472894134931266, "_timestamp": 1678896884.9196837, "_runtime": 2672.3937826156616, "_step": 1019, "val-2-position": 0.002535088686272502, "val-2-rotation": 6.882106617922545e-07, "val-2-gripper": 5.037880705338054e-25, "val-2-total": 0.0025357771664857864, "_wandb": {"runtime": 2672}}