{"train position": 0.0003823761362582445, "train rotation": 3.7095821880939184e-06, "train gripper": 2.480196599208284e-06, "train total": 0.0003885659098159522, "_timestamp": 1678589317.9354706, "_runtime": 2588.1285285949707, "_step": 815, "val-2-position": 0.0010106286499649286, "val-2-rotation": 3.1395495625474723e-06, "val-2-gripper": 2.4293742626468884e-06, "val-2-total": 0.0010161976097151637, "_wandb": {"runtime": 2587}}