{"train position": 0.0002971110516227782, "train rotation": 9.652134394855238e-06, "train gripper": 9.071185331777087e-07, "train total": 0.0003076702996622771, "lr": 1.266800268735244e-05, "_timestamp": 1680713021.6548736, "_runtime": 1836.7794616222382, "_step": 2119, "val-4-position": 6.669069989584386e-05, "val-4-rotation": 1.2019796486129053e-05, "val-4-gripper": 6.109278274379903e-07, "val-4-total": 7.932142034405842e-05, "val-7-position": 0.0001271174696739763, "val-7-rotation": 1.294312551181065e-05, "val-7-gripper": 1.1820169447673834e-06, "val-7-total": 0.00014124262088444084, "val-10-position": 0.0001430350966984406, "val-10-rotation": 1.7866144844447263e-05, "val-10-gripper": 8.610215331827931e-07, "val-10-total": 0.0001617622619960457, "_wandb": {"runtime": 1836}}