{"train position": 8.505492587573826e-05, "train rotation": 4.072340743732639e-06, "train gripper": 2.7530910884365767e-08, "train total": 8.915479702409357e-05, "_timestamp": 1678821198.9507005, "_runtime": 2406.9764664173126, "_step": 1019, "val-1-position": 0.0001066521363100037, "val-1-rotation": 3.2516370538360206e-06, "val-1-gripper": 2.911886198830871e-08, "val-1-total": 0.00010993288742611185, "_wandb": {"runtime": 2406}}