{"train position": 5.281021003611386e-05, "train rotation": 1.5130283372855047e-06, "train gripper": 0.00013210200995672494, "train total": 0.00018642525537870824, "_timestamp": 1678564809.4041963, "_runtime": 617.5343163013458, "_step": 409, "val-0-position": 0.00014049197488930076, "val-0-rotation": 1.990216560443514e-06, "val-0-gripper": 0.00013077027688268572, "val-0-total": 0.0002732524590101093, "_wandb": {"runtime": 617}}