{"train position": 0.011914979666471481, "train rotation": 0.00035339256282895803, "train gripper": 3.983343776781112e-05, "train total": 0.012308205477893353, "lr": 3.3333333333333335e-05, "_timestamp": 1679851062.2319877, "_runtime": 144.3097198009491, "_step": 232, "val-1-position": 0.015635287389159203, "val-1-rotation": 0.00038077327189967036, "val-1-gripper": 3.1642994144931436e-05, "val-1-total": 0.016047703102231026, "val-4-position": 0.026539424434304237, "val-4-rotation": 0.0004324406327214092, "val-4-gripper": 2.3393111405312084e-05, "val-4-total": 0.026995260268449783, "val-10-position": 0.01141343079507351, "val-10-rotation": 0.0007006501546129584, "val-10-gripper": 6.5230080508627e-05, "val-10-total": 0.012179309502243996, "_wandb": {"runtime": 144}}