{"train position": 4.6847406338201836e-05, "train rotation": 3.5000864500034368e-06, "train gripper": 6.21557916247184e-08, "train total": 5.0409646064508706e-05, "_timestamp": 1679256753.4395704, "_runtime": 603.7010533809662, "_step": 1039, "val-1-position": 7.508854469051585e-05, "val-1-rotation": 3.264857923568343e-06, "val-1-gripper": 6.269341668030393e-08, "val-1-total": 7.841610204195604e-05, "val-7-position": 0.040974996984004974, "val-7-rotation": 3.6536755487759365e-06, "val-7-gripper": 6.183010015092805e-08, "val-7-total": 0.04097871482372284, "_wandb": {"runtime": 603}}