{"train position": 0.0010752934031188488, "train rotation": 1.0980377282976406e-06, "train gripper": 3.613167064031586e-05, "train total": 0.0011125231394544244, "_timestamp": 1678601102.909441, "_runtime": 4027.5807349681854, "_step": 1019, "val-2-position": 0.0018259467324241996, "val-2-rotation": 1.0518934914216516e-06, "val-2-gripper": 3.5987675801152363e-05, "val-2-total": 0.00186298624612391, "_wandb": {"runtime": 4028}}