{"train position": 1.9717452232725918e-05, "train rotation": 1.5776028021718957e-06, "train gripper": 2.2968446700133427e-08, "train total": 2.13180228456622e-05, "lr": 0.00026590011188904557, "_timestamp": 1679666571.2043452, "_runtime": 896.0055541992188, "_step": 1613, "val-10-position": 0.000141095879371278, "val-10-rotation": 1.0164020523006911e-06, "val-10-gripper": 4.257999108858712e-08, "val-10-total": 0.00014215486589819193, "_wandb": {"runtime": 896}}