{"train position": 0.0005564094753935933, "train rotation": 1.1081837328674737e-05, "train gripper": 1.9438449072595176e-08, "train total": 0.0005675107822753489, "lr": 5.090847125869036e-05, "_timestamp": 1679595340.9302068, "_runtime": 1215.4711208343506, "_step": 2079, "val-10-position": 0.01173311285674572, "val-10-rotation": 2.369859976170119e-05, "val-10-gripper": 4.745555415297531e-08, "val-10-total": 0.01175685878843069, "val-1-position": 0.0023921001702547073, "val-1-rotation": 3.698678483488038e-05, "val-1-gripper": 6.600791948585538e-07, "val-1-total": 0.0024297472555190325, "_wandb": {"runtime": 1215}}