{"train position": 0.04485118389129639, "train rotation": 0.35652387142181396, "train gripper": 0.08033981174230576, "train total": 0.4817148745059967, "lr": 7.507507507507508e-06, "_timestamp": 1679944013.4452605, "_runtime": 65.19757747650146, "_step": 49, "val-1-position": 0.06654322147369385, "val-1-rotation": 0.2726256251335144, "val-1-gripper": 0.07194845378398895, "val-1-total": 0.4111173152923584, "_wandb": {"runtime": 65}}