{"train position": 0.0034320158883929253, "train rotation": 6.434846909542102e-06, "train gripper": 0.0, "train total": 0.0034384506288915873, "lr": 0.0002732732732732733, "_timestamp": 1679592097.540789, "_runtime": 216.77800583839417, "_step": 376, "val-10-position": 0.008095970377326012, "val-10-rotation": 6.759490588592598e-06, "val-10-gripper": 0.0, "val-10-total": 0.00810272991657257, "val-1-position": 0.028252745047211647, "val-1-rotation": 6.459095857280772e-06, "val-1-gripper": 0.0, "val-1-total": 0.02825920842587948, "_wandb": {"runtime": 216}}