{"train position": 0.0018896721303462982, "train rotation": 1.0955362085951492e-05, "train gripper": 1.0359995528119725e-08, "train total": 0.0019006378715857863, "lr": 0.00029047677899619455, "_timestamp": 1679667510.4177861, "_runtime": 927.2355320453644, "_step": 1321, "val-1-position": 0.005589616019278765, "val-1-rotation": 1.4569768609362654e-05, "val-1-gripper": 1.2063622989444411e-08, "val-1-total": 0.005604197271168232, "val-10-position": 0.014727471396327019, "val-10-rotation": 1.3923514416092075e-05, "val-10-gripper": 1.2876611776846403e-08, "val-10-total": 0.014741407707333565, "_wandb": {"runtime": 927}}