{"train position": 0.009897187352180481, "train rotation": 1.1332891745041707e-06, "train gripper": 5.739165231089824e-26, "train total": 0.009898320771753788, "_timestamp": 1678824597.9105024, "_runtime": 682.0961484909058, "_step": 1019, "val-2-position": 0.016289036720991135, "val-2-rotation": 9.98720452116686e-07, "val-2-gripper": 5.867293498430018e-26, "val-2-total": 0.016290035098791122, "_wandb": {"runtime": 681}}