{"train position": 0.029189229011535645, "train rotation": 8.368626254195988e-07, "train gripper": 4.20707328885328e-05, "train total": 0.02923213690519333, "_timestamp": 1678580404.8538013, "_runtime": 1757.2543063163757, "_step": 611, "val-2-position": 0.031454119831323624, "val-2-rotation": 8.643372666483629e-07, "val-2-gripper": 4.18774870922789e-05, "val-2-total": 0.03149686008691788, "_wandb": {"runtime": 1757}}