{"train position": 5.312670691637322e-05, "train rotation": 4.358145986316231e-07, "train gripper": 1.521262049664074e-08, "train total": 5.357773625291884e-05, "_timestamp": 1679254565.3306684, "_runtime": 664.0947954654694, "_step": 1039, "val-1-position": 7.085523975547403e-05, "val-1-rotation": 4.1133529293801985e-07, "val-1-gripper": 1.5244804529856992e-08, "val-1-total": 7.128182187443599e-05, "val-7-position": 0.03070288896560669, "val-7-rotation": 4.563534332646668e-07, "val-7-gripper": 1.5175901424413496e-08, "val-7-total": 0.030703360214829445, "_wandb": {"runtime": 663}}