{"train position": 8.670634997542948e-05, "train rotation": 4.00888984586345e-06, "train gripper": 1.1719732739834399e-08, "train total": 9.072696411749348e-05, "lr": 0.0001272711781467259, "_timestamp": 1679596585.4927804, "_runtime": 1152.517870426178, "_step": 2079, "val-10-position": 0.0077745639719069, "val-10-rotation": 6.114265943324426e-06, "val-10-gripper": 1.5883575343877965e-08, "val-10-total": 0.007780693471431732, "val-1-position": 0.001149654621258378, "val-1-rotation": 3.920525159628596e-06, "val-1-gripper": 4.467862169121872e-08, "val-1-total": 0.0011536196107044816, "_wandb": {"runtime": 1152}}