{"train position": 0.00013394575216807425, "train rotation": 2.1414170987554826e-05, "train gripper": 2.480566308804555e-06, "train total": 0.00015784049173817039, "lr": 8.99123112488393e-05, "_timestamp": 1680640410.9578283, "_runtime": 640.0114123821259, "_step": 754, "val-16-position": 0.018318697810173035, "val-16-rotation": 2.8589071007445455e-05, "val-16-gripper": 2.477305315551348e-06, "val-16-total": 0.018349764868617058, "_wandb": {"runtime": 640}}