{"train position": 0.06129391863942146, "train rotation": 0.029239317402243614, "train gripper": 0.01255851611495018, "train total": 0.10309174656867981, "_timestamp": 1678570429.621598, "_runtime": 45.73434805870056, "_step": 18, "_wandb": {"runtime": 47}}