{"train position": 0.000950868590734899, "train rotation": 1.6045080428739311e-06, "train gripper": 2.871618744393345e-05, "train total": 0.0009811893105506897, "_timestamp": 1678583491.2011044, "_runtime": 2595.847687482834, "_step": 815, "val-2-position": 0.0009273221949115396, "val-2-rotation": 1.428486712029553e-06, "val-2-gripper": 2.8491485863924026e-05, "val-2-total": 0.0009572420967742801, "_wandb": {"runtime": 2595}}