{"train position": 5.177886851015501e-05, "train rotation": 1.510553374828305e-06, "train gripper": 0.00013486549141816795, "train total": 0.00018815491057466716, "_timestamp": 1678565485.8301096, "_runtime": 637.6251175403595, "_step": 409, "val-0-position": 0.00036864803405478597, "val-0-rotation": 1.6826409137138398e-06, "val-0-gripper": 0.00013353191025089473, "val-0-total": 0.0005038626259192824, "_wandb": {"runtime": 637}}