{"train position": 0.024160897359251976, "train rotation": 5.502239446286694e-07, "train gripper": 3.3808268199209124e-05, "train total": 0.02419525571167469, "_timestamp": 1678578473.5373828, "_runtime": 1548.137244939804, "_step": 611, "val-1-position": 0.02153376117348671, "val-1-rotation": 5.774338660557987e-07, "val-1-gripper": 3.3650365367066115e-05, "val-1-total": 0.021567991003394127, "_wandb": {"runtime": 1548}}