{"train position": 0.027360670268535614, "train rotation": 7.894218470028136e-07, "train gripper": 4.1749735828489065e-05, "train total": 0.02740320935845375, "_timestamp": 1678573672.7252915, "_runtime": 1634.136482477188, "_step": 611, "val-2-position": 0.03093072585761547, "val-2-rotation": 1.0541020856180694e-06, "val-2-gripper": 4.149430606048554e-05, "val-2-total": 0.030973276123404503, "_wandb": {"runtime": 1634}}