{"train position": 0.00037501350743696094, "train rotation": 2.5216468202415854e-06, "train gripper": 1.3653655628331762e-07, "train total": 0.00037767167668789625, "_timestamp": 1679258794.3567243, "_runtime": 600.8890342712402, "_step": 1039, "val-1-position": 3.4579570638015866e-05, "val-1-rotation": 1.9614974462456303e-06, "val-1-gripper": 1.3758115358086798e-07, "val-1-total": 3.6678648029919714e-05, "val-7-position": 0.03536185249686241, "val-7-rotation": 3.9757010199537035e-06, "val-7-gripper": 1.4139355641873408e-07, "val-7-total": 0.03536597639322281, "_wandb": {"runtime": 600}}