{"train position": 0.00018643286603037268, "train rotation": 1.1633910617092624e-06, "train gripper": 5.260113766780705e-07, "train total": 0.00018812227062880993, "_timestamp": 1678601085.4896226, "_runtime": 4023.7157146930695, "_step": 1019, "val-2-position": 0.0005722453352063894, "val-2-rotation": 1.2501229775807587e-06, "val-2-gripper": 5.211471147958946e-07, "val-2-total": 0.0005740166525356472, "_wandb": {"runtime": 4024}}