{"train position": 9.682226664153859e-05, "train rotation": 9.48690103541594e-06, "train gripper": 8.535240567653091e-07, "train total": 0.00010716269025579095, "lr": 1.266800268735244e-05, "_timestamp": 1680709369.9783447, "_runtime": 1803.2220916748047, "_step": 2079, "val-1-position": 9.603120270185173e-05, "val-1-rotation": 1.1771858225984033e-05, "val-1-gripper": 3.4572849472169764e-07, "val-1-total": 0.00010814879351528361, "val-4-position": 8.805672405287623e-05, "val-4-rotation": 1.4666351489722729e-05, "val-4-gripper": 4.680511267451948e-07, "val-4-total": 0.00010319112334400415, "_wandb": {"runtime": 1802}}