{"train position": 0.000620787963271141, "train rotation": 1.2231083701408352e-06, "train gripper": 3.349321965560215e-24, "train total": 0.0006220110808499157, "_timestamp": 1678820794.588608, "_runtime": 2191.313879966736, "_step": 1019, "val-1-position": 5.924920696998015e-05, "val-1-rotation": 8.098159014480188e-07, "val-1-gripper": 3.364404197207136e-24, "val-1-total": 6.005901377648115e-05, "_wandb": {"runtime": 2190}}