{"train position": 0.00015728358994238079, "train rotation": 3.720791937666945e-05, "train gripper": 4.735306902148295e-06, "train total": 0.00019922682258766145, "lr": 7.991176744354674e-05, "_timestamp": 1680640413.6082382, "_runtime": 323.9993541240692, "_step": 377, "val-16-position": 0.017527498304843903, "val-16-rotation": 2.825592855515424e-05, "val-16-gripper": 3.518747689668089e-06, "val-16-total": 0.017559273168444633, "_wandb": {"runtime": 324}}