{"train position": 0.044851236045360565, "train rotation": 0.3565238416194916, "train gripper": 0.0803399533033371, "train total": 0.48171502351760864, "lr": 7.507507507507508e-06, "_timestamp": 1679944143.2692363, "_runtime": 68.57290840148926, "_step": 49, "val-1-position": 0.06654303520917892, "val-1-rotation": 0.27262523770332336, "val-1-gripper": 0.0719485953450203, "val-1-total": 0.4111168384552002, "_wandb": {"runtime": 68}}