{"train position": 0.029111146926879883, "train rotation": 8.478112931697979e-07, "train gripper": 4.291912409826182e-05, "train total": 0.029154913499951363, "_timestamp": 1678573510.3209543, "_runtime": 1471.7894282341003, "_step": 611, "val-2-position": 0.03142452985048294, "val-2-rotation": 9.024112159750075e-07, "val-2-gripper": 4.2714218579931185e-05, "val-2-total": 0.03146814554929733, "_wandb": {"runtime": 1471}}