{"train position": 0.0024774870835244656, "train rotation": 3.646565801318502e-06, "train gripper": 5.681643870047992e-06, "train total": 0.002486815210431814, "_timestamp": 1678592178.1840472, "_runtime": 2573.3467671871185, "_step": 815, "val-2-position": 0.0016483344370499253, "val-2-rotation": 4.458131115825381e-06, "val-2-gripper": 5.705347120965598e-06, "val-2-total": 0.001658497960306704, "_wandb": {"runtime": 2573}}