{"train position": 0.0020507443696260452, "train rotation": 6.485530320787802e-06, "train gripper": 5.933148194969817e-09, "train total": 0.002057235687971115, "lr": 0.0002545423562934518, "_timestamp": 1679667203.4128714, "_runtime": 1331.2248373031616, "_step": 2079, "val-1-position": 0.010951878502964973, "val-1-rotation": 3.7747704482171685e-06, "val-1-gripper": 4.50796688866717e-09, "val-1-total": 0.010955656878650188, "val-10-position": 0.01640762761235237, "val-10-rotation": 6.542269602505257e-06, "val-10-gripper": 1.0601361566386913e-08, "val-10-total": 0.016414178535342216, "_wandb": {"runtime": 1330}}