{"train position": 0.0037342202849686146, "train rotation": 0.00023835012689232826, "train gripper": 2.2671105398330837e-05, "train total": 0.0039952415972948074, "lr": 4.1e-05, "_timestamp": 1680640953.1832526, "_runtime": 283.6361155509949, "_step": 331, "val-16-position": 0.017904430627822876, "val-16-rotation": 0.00046047326759435236, "val-16-gripper": 4.30955333285965e-05, "val-16-total": 0.018408000469207764, "_wandb": {"runtime": 283}}