{"train position": 0.004646336659789085, "train rotation": 1.1893382179550827e-05, "train gripper": 8.542794967070222e-05, "train total": 0.004743658006191254, "_timestamp": 1678566419.1988473, "_runtime": 720.5050811767578, "_step": 409, "val-2-position": 0.003490117844194174, "val-2-rotation": 1.2366921509965323e-05, "val-2-gripper": 8.566937322029844e-05, "val-2-total": 0.0035881544463336468, "_wandb": {"runtime": 720}}