{"train position": 0.0258798748254776, "train rotation": 0.0003117949818260968, "train gripper": 0.00029909430304542184, "train total": 0.026490764692425728, "_timestamp": 1678580808.8408706, "_runtime": 224.91301369667053, "_step": 94, "val-1-position": 0.035211123526096344, "val-1-rotation": 0.0007750251097604632, "val-1-gripper": 0.0009925446938723326, "val-1-total": 0.03697869926691055}