{"train position": 4.8739908379502594e-05, "train rotation": 5.3523572205449454e-06, "train gripper": 4.9458503070809456e-08, "train total": 5.4141724831424654e-05, "_timestamp": 1678896887.4016504, "_runtime": 2677.819331407547, "_step": 1019, "val-2-position": 5.431396493804641e-05, "val-2-rotation": 6.635417776124086e-06, "val-2-gripper": 5.204854502949274e-08, "val-2-total": 6.100143218645826e-05, "_wandb": {"runtime": 2677}}