{"train position": 5.024519487051293e-05, "train rotation": 7.852285079934518e-07, "train gripper": 8.058367484409246e-08, "train total": 5.111100836074911e-05, "_timestamp": 1679255298.7658386, "_runtime": 724.1207325458527, "_step": 1039, "val-2-position": 3.2244890462607145e-05, "val-2-rotation": 1.101430370908929e-06, "val-2-gripper": 7.985890704276244e-08, "val-2-total": 3.3426178561057895e-05, "val-5-position": 0.02715342305600643, "val-5-rotation": 9.269183465221431e-07, "val-5-gripper": 8.190016842490877e-08, "val-5-total": 0.027154427021741867, "_wandb": {"runtime": 723}}