{"train position": 0.00021749152801930904, "train rotation": 2.566403418313712e-05, "train gripper": 2.076508053505677e-06, "train total": 0.00024523207684978843, "lr": 9.87987987987988e-05, "_timestamp": 1680639516.8253953, "_runtime": 520.2802753448486, "_step": 669, "val-10-position": 0.000335964432451874, "val-10-rotation": 3.294595080660656e-05, "val-10-gripper": 2.146583710782579e-06, "val-10-total": 0.0003710569581016898, "_wandb": {"runtime": 520}}