{"train position": 9.006117579701822e-06, "train rotation": 4.081158294866327e-06, "train gripper": 9.235592290934846e-10, "train total": 1.3088199011690449e-05, "_timestamp": 1678806215.1039846, "_runtime": 770.6260244846344, "_step": 407, "val-0-position": 3.518175071803853e-05, "val-0-rotation": 3.897031547239749e-06, "val-0-gripper": 9.251494015316553e-10, "val-0-total": 3.907971040462144e-05, "_wandb": {"runtime": 770}}