{"train position": 0.01940305158495903, "train rotation": 0.00331518123857677, "train gripper": 0.0019174341578036547, "train total": 0.024635666981339455, "_timestamp": 1678580718.8454998, "_runtime": 134.87535881996155, "_step": 48, "_wandb": {"runtime": 162}}