{"train position": 0.0005929679609835148, "train rotation": 2.3382067411148455e-06, "train gripper": 3.190312680700913e-09, "train total": 0.000595309364143759, "lr": 0.0002545423562934518, "_timestamp": 1679623663.9539914, "_runtime": 1152.438313484192, "_step": 2079, "val-10-position": 0.014417563565075397, "val-10-rotation": 2.4120265607052715e-06, "val-10-gripper": 2.92115831523887e-10, "val-10-total": 0.014419975690543652, "val-1-position": 0.004985146224498749, "val-1-rotation": 2.449021621941938e-06, "val-1-gripper": 6.440464828116887e-11, "val-1-total": 0.0049875951372087, "_wandb": {"runtime": 1152}}