{"train position": 6.836115790065378e-05, "train rotation": 6.633067641814705e-06, "train gripper": 7.991535255769122e-08, "train total": 7.507413829443976e-05, "_timestamp": 1679256131.7917492, "_runtime": 385.3504192829132, "_step": 663, "val-1-position": 5.001016688765958e-05, "val-1-rotation": 6.483833658421645e-06, "val-1-gripper": 8.430290421301834e-08, "val-1-total": 5.6578301155241206e-05, "val-7-position": 0.0364377535879612, "val-7-rotation": 6.342344022414181e-06, "val-7-gripper": 8.22990813276192e-08, "val-7-total": 0.036444179713726044, "_wandb": {"runtime": 385}}