{"train position": 4.3804240704048425e-05, "train rotation": 8.864003575581592e-07, "train gripper": 1.6340575825779524e-07, "train total": 4.4854048610432073e-05, "_timestamp": 1678818781.374829, "_runtime": 979.2992761135101, "_step": 407, "val-0-position": 3.0269544367911294e-05, "val-0-rotation": 5.910847562518029e-07, "val-0-gripper": 1.606875059678714e-07, "val-0-total": 3.102131449850276e-05, "_wandb": {"runtime": 978}}