{"train position": 0.00011061278928536922, "train rotation": 3.909153747372329e-06, "train gripper": 2.740820127655752e-05, "train total": 0.00014193014067132026, "_timestamp": 1678586699.3602133, "_runtime": 2450.6058461666107, "_step": 815, "val-1-position": 0.0004915970494039357, "val-1-rotation": 3.9938772715686355e-06, "val-1-gripper": 2.7328187570674345e-05, "val-1-total": 0.0005229191156104207, "_wandb": {"runtime": 2450}}