{"train position": 0.009983394294977188, "train rotation": 1.5246685052261455e-06, "train gripper": 5.931022982512978e-26, "train total": 0.009984918870031834, "_timestamp": 1678823904.868371, "_runtime": 696.7322599887848, "_step": 1019, "val-2-position": 0.016690844669938087, "val-2-rotation": 1.0426099379401421e-06, "val-2-gripper": 5.925748091506895e-26, "val-2-total": 0.016691887751221657, "_wandb": {"runtime": 696}}