{"train position": 0.007928027771413326, "train rotation": 0.00024686456890776753, "train gripper": 2.7187950763618574e-05, "train total": 0.008202080614864826, "lr": 3.7987987987987985e-05, "_timestamp": 1679946979.1715417, "_runtime": 148.97810459136963, "_step": 261, "val-1-position": 0.01424690242856741, "val-1-rotation": 0.00019779724243562669, "val-1-gripper": 2.9402939617284574e-05, "val-1-total": 0.014474102295935154, "val-10-position": 0.0050709922797977924, "val-10-rotation": 0.0002519874251447618, "val-10-gripper": 1.0943658708129078e-05, "val-10-total": 0.005333923269063234, "_wandb": {"runtime": 149}}