{"train position": 0.0011691551189869642, "train rotation": 1.315863300987985e-05, "train gripper": 1.2908418334234284e-08, "train total": 0.0011823266977444291, "lr": 5.090847125869036e-05, "_timestamp": 1679853642.8747253, "_runtime": 1313.7150132656097, "_step": 2119, "val-1-position": 0.005458126310259104, "val-1-rotation": 1.766450259310659e-05, "val-1-gripper": 1.5699255229151277e-08, "val-1-total": 0.005475806538015604, "val-4-position": 0.027757352218031883, "val-4-rotation": 1.4976106285757851e-05, "val-4-gripper": 6.8809717923556946e-09, "val-4-total": 0.027772333472967148, "val-10-position": 0.008464322425425053, "val-10-rotation": 1.798810626496561e-05, "val-10-gripper": 3.591761910115565e-08, "val-10-total": 0.00848234724253416, "_wandb": {"runtime": 1313}}