{"train position": 0.009999491274356842, "train rotation": 2.033060354733607e-06, "train gripper": 6.47189560141645e-26, "train total": 0.010001524351537228, "_timestamp": 1678823124.7724984, "_runtime": 2318.1609632968903, "_step": 1019, "val-2-position": 0.01584041304886341, "val-2-rotation": 1.2582298722918495e-06, "val-2-gripper": 6.428500856058307e-26, "val-2-total": 0.015841670334339142, "_wandb": {"runtime": 2317}}