{"train position": 0.0028092372231185436, "train rotation": 1.13169596716034e-06, "train gripper": 9.553244308335707e-05, "train total": 0.0029059015214443207, "_timestamp": 1678566298.327324, "_runtime": 734.108393907547, "_step": 409, "val-1-position": 0.0026328519452363253, "val-1-rotation": 1.7262270830542548e-06, "val-1-gripper": 9.475040133111179e-05, "val-1-total": 0.0027293285820633173, "_wandb": {"runtime": 733}}