{"train position": 0.030343100428581238, "train rotation": 0.004263394512236118, "train gripper": 0.0015310661401599646, "train total": 0.03613755851984024, "_timestamp": 1678570296.0593834, "_runtime": 86.36492443084717, "_step": 43, "_wandb": {"runtime": 86}}