{"train position": 0.0015869977651163936, "train rotation": 6.569316610693932e-06, "train gripper": 8.58885300658585e-08, "train total": 0.0015936529962345958, "_timestamp": 1679253667.6730433, "_runtime": 182.75228929519653, "_step": 307, "val-1-position": 0.0007606914732605219, "val-1-rotation": 3.4393488022033125e-06, "val-1-gripper": 9.036408243900951e-08, "val-1-total": 0.0007642211276106536, "val-7-position": 0.047957394272089005, "val-7-rotation": 1.55300836013339e-06, "val-7-gripper": 8.859560551854884e-08, "val-7-total": 0.047959037125110626, "_wandb": {"runtime": 182}}