{"train position": 6.93697074893862e-05, "train rotation": 1.0630005817802157e-05, "train gripper": 9.59329554461874e-07, "train total": 8.095904195215553e-05, "lr": 2.545423562934518e-05, "_timestamp": 1680638801.0946424, "_runtime": 1773.3868265151978, "_step": 2079, "val-1-position": 6.464932084782049e-05, "val-1-rotation": 1.4876053683110513e-05, "val-1-gripper": 4.0298422732121253e-07, "val-1-total": 7.992835890036076e-05, "val-16-position": 0.01766197197139263, "val-16-rotation": 1.5822266504983418e-05, "val-16-gripper": 2.640513230289798e-07, "val-16-total": 0.01767805963754654, "_wandb": {"runtime": 1773}}