{"train position": 2.9663053283002228e-05, "train rotation": 3.060737299165339e-07, "train gripper": 3.797381982017226e-19, "train total": 2.9969127353979275e-05, "_timestamp": 1678818591.1310422, "_runtime": 813.948367357254, "_step": 407, "val-0-position": 1.4453917174250819e-05, "val-0-rotation": 3.3466736226728244e-07, "val-0-gripper": 3.724792747362635e-19, "val-0-total": 1.4788583030167501e-05, "_wandb": {"runtime": 813}}