{"train position": 0.007993600331246853, "train rotation": 6.443138317990815e-06, "train gripper": 4.7985139417505707e-08, "train total": 0.008000091649591923, "_timestamp": 1678219701.4509928, "_runtime": 766.2570068836212, "_step": 439, "val-2-position": 0.010716469958424568, "val-2-rotation": 4.989989975001663e-06, "val-2-gripper": 5.007309411553251e-08, "val-2-total": 0.010721510276198387, "_wandb": {"runtime": 765}}