{"train position": 0.0003536787407938391, "train rotation": 8.494494068145286e-07, "train gripper": 3.6706012451759307e-07, "train total": 0.0003548952518031001, "_timestamp": 1678586709.621391, "_runtime": 2440.1247069835663, "_step": 815, "val-1-position": 0.00056715018581599, "val-1-rotation": 9.286419526688405e-07, "val-1-gripper": 3.6608270193028147e-07, "val-1-total": 0.0005684449570253491, "_wandb": {"runtime": 2439}}