{"train position": 5.5488297221018e-05, "train rotation": 2.509812020434765e-06, "train gripper": 1.413397399119276e-07, "train total": 5.813944881083444e-05, "_timestamp": 1679323426.5930047, "_runtime": 573.8132696151733, "_step": 1019, "val-1-position": 3.5134071367792785e-05, "val-1-rotation": 2.6463615085958736e-06, "val-1-gripper": 1.3829614431415393e-07, "val-1-total": 3.791872950387187e-05, "_wandb": {"runtime": 573}}