{"train position": 8.512880594935268e-05, "train rotation": 1.7943234524864238e-06, "train gripper": 7.588192829643958e-08, "train total": 8.699901081854478e-05, "_timestamp": 1679237632.3303936, "_runtime": 675.9479944705963, "_step": 1019, "val-2-position": 4.1599203541409224e-05, "val-2-rotation": 1.795458274500561e-06, "val-2-gripper": 7.296880255580618e-08, "val-2-total": 4.346762580098584e-05, "_wandb": {"runtime": 675}}