{"train position": 0.020826004445552826, "train rotation": 4.8370129661634564e-06, "train gripper": 4.4491130779533705e-08, "train total": 0.02083088643848896, "_timestamp": 1678221404.3047304, "_runtime": 539.931574344635, "_step": 439, "val-1-position": 0.024093998596072197, "val-1-rotation": 4.7861694838502444e-06, "val-1-gripper": 4.480959958641506e-08, "val-1-total": 0.02409883216023445, "_wandb": {"runtime": 539}}