{"train position": 6.781458796467632e-05, "train rotation": 1.576454337737232e-06, "train gripper": 2.9777700305544386e-08, "train total": 6.942082109162584e-05, "_timestamp": 1679253367.7544944, "_runtime": 658.9686584472656, "_step": 1039, "val-2-position": 5.62966160941869e-05, "val-2-rotation": 1.8277471554029034e-06, "val-2-gripper": 2.9357774877780685e-08, "val-2-total": 5.8153724239673465e-05, "val-5-position": 0.05493615195155144, "val-5-rotation": 3.5865400604961906e-06, "val-5-gripper": 3.022868355628816e-08, "val-5-total": 0.054939769208431244, "_wandb": {"runtime": 658}}