{"train position": 0.007950574159622192, "train rotation": 6.507873877126258e-06, "train gripper": 3.857491901726462e-05, "train total": 0.007995657622814178, "_timestamp": 1678580538.4497623, "_runtime": 1890.8343534469604, "_step": 611, "val-2-position": 0.010701836086809635, "val-2-rotation": 8.671328032505699e-06, "val-2-gripper": 3.843190643237904e-05, "val-2-total": 0.010748938657343388, "_wandb": {"runtime": 1891}}