{"train position": 0.0033554346300661564, "train rotation": 3.10939212795347e-05, "train gripper": 3.2877558453492384e-08, "train total": 0.003386561293154955, "lr": 5.090847125869036e-05, "_timestamp": 1679671750.99363, "_runtime": 1222.8035519123077, "_step": 2079, "val-1-position": 0.007575249765068293, "val-1-rotation": 3.3936546969925985e-05, "val-1-gripper": 4.117735485920093e-08, "val-1-total": 0.007609227206557989, "val-10-position": 0.01904549077153206, "val-10-rotation": 3.3550255466252565e-05, "val-10-gripper": 1.6124314328180844e-08, "val-10-total": 0.0190790556371212, "_wandb": {"runtime": 1222}}