{"train position": 0.0007441923371516168, "train rotation": 4.049525159643963e-06, "train gripper": 3.0608027223877343e-10, "train total": 0.0007482421351596713, "lr": 0.0001272711781467259, "_timestamp": 1679618944.1692376, "_runtime": 1372.1645965576172, "_step": 2079, "val-10-position": 0.014876775443553925, "val-10-rotation": 4.626687314157607e-06, "val-10-gripper": 5.734088759368206e-10, "val-10-total": 0.014881404116749763, "val-1-position": 0.006541547365486622, "val-1-rotation": 8.352099030162208e-06, "val-1-gripper": 3.17067039290464e-10, "val-1-total": 0.0065498994663357735, "_wandb": {"runtime": 1371}}