{"train position": 3.4697557566687465e-05, "train rotation": 6.256958840822335e-06, "train gripper": 1.385836583267519e-07, "train total": 4.1093102481681854e-05, "lr": 5.3257383631017465e-05, "_timestamp": 1680637374.0116694, "_runtime": 1424.280354499817, "_step": 1636, "val-1-position": 5.815702024847269e-05, "val-1-rotation": 1.0395511708338745e-05, "val-1-gripper": 1.9699318443144875e-07, "val-1-total": 6.874952669022605e-05, "val-16-position": 0.01781167834997177, "val-16-rotation": 8.960458217188716e-06, "val-16-gripper": 7.180873495826745e-08, "val-16-total": 0.01782071217894554, "_wandb": {"runtime": 1424}}