{"train position": 0.0027760895900428295, "train rotation": 4.061098024976673e-06, "train gripper": 4.203430580673739e-05, "train total": 0.0028221849352121353, "_timestamp": 1678568343.467098, "_runtime": 1392.8739020824432, "_step": 611, "val-2-position": 0.003887087805196643, "val-2-rotation": 2.473494760124595e-06, "val-2-gripper": 4.1878003685269505e-05, "val-2-total": 0.0039314390160143375, "_wandb": {"runtime": 1393}}