{"train position": 9.729588782647625e-05, "train rotation": 1.2972532204003073e-06, "train gripper": 5.718242235275284e-08, "train total": 9.865032188827172e-05, "_timestamp": 1679252166.3139555, "_runtime": 602.3878126144409, "_step": 1039, "val-1-position": 7.582498801639304e-05, "val-1-rotation": 1.1540048490132904e-06, "val-1-gripper": 5.681844328364605e-08, "val-1-total": 7.703581650275737e-05, "val-7-position": 0.06114281341433525, "val-7-rotation": 2.9413081392704044e-06, "val-7-gripper": 6.050591139228345e-08, "val-7-total": 0.06114581227302551, "_wandb": {"runtime": 602}}