{"train position": 0.019500158727169037, "train rotation": 4.79958180221729e-05, "train gripper": 1.4321929597826966e-07, "train total": 0.01954829879105091, "_timestamp": 1679251509.2853725, "_runtime": 69.95974445343018, "_step": 108, "val-1-position": 0.021645819768309593, "val-1-rotation": 9.915938426274806e-05, "val-1-gripper": 1.4484956523119763e-07, "val-1-total": 0.021745124831795692, "val-7-position": 0.03233302757143974, "val-7-rotation": 9.611090354155749e-05, "val-7-gripper": 1.4590139585379802e-07, "val-7-total": 0.0324292853474617, "_wandb": {"runtime": 69}}