{"train position": 5.663914998876862e-05, "train rotation": 7.262859526235843e-06, "train gripper": 1.127428390645946e-06, "train total": 6.502943870145828e-05, "lr": 1.266800268735244e-05, "_timestamp": 1680707552.6913671, "_runtime": 1788.555682182312, "_step": 2079, "val-1-position": 5.647608486469835e-05, "val-1-rotation": 1.536395757284481e-05, "val-1-gripper": 7.77767695581133e-07, "val-1-total": 7.261781138367951e-05, "val-4-position": 7.107306737452745e-05, "val-4-rotation": 8.373720447707456e-06, "val-4-gripper": 6.827499419159722e-07, "val-4-total": 8.012953185243532e-05, "_wandb": {"runtime": 1788}}