{"train position": 0.009922992438077927, "train rotation": 1.7647062122705393e-06, "train gripper": 4.810341604206347e-26, "train total": 0.009924757294356823, "_timestamp": 1678825291.4516208, "_runtime": 680.9421007633209, "_step": 1019, "val-2-position": 0.015286296606063843, "val-2-rotation": 9.564373613102362e-07, "val-2-gripper": 4.8434161384016937e-26, "val-2-total": 0.015287254936993122, "_wandb": {"runtime": 680}}