{"train position": 0.01431339606642723, "train rotation": 0.00023309016251005232, "train gripper": 3.448380084591918e-05, "train total": 0.014580970630049706, "lr": 6.906906906906907e-05, "_timestamp": 1679665664.9226384, "_runtime": 57.28160333633423, "_step": 91, "val-10-position": 0.020063666626811028, "val-10-rotation": 0.0017068262677639723, "val-10-gripper": 0.000237068539718166, "val-10-total": 0.02200756035745144, "_wandb": {"runtime": 56}}