{"train position": 1.9466782759991474e-05, "train rotation": 2.220160240540281e-06, "train gripper": 1.298525953430385e-09, "train total": 2.1688241758965887e-05, "lr": 0.0002545423562934518, "_timestamp": 1679626668.2000773, "_runtime": 1204.8883821964264, "_step": 2039, "val-10-position": 5.438203879748471e-05, "val-10-rotation": 2.192331066908082e-06, "val-10-gripper": 1.1236281238780066e-08, "val-10-total": 5.6585595302749425e-05, "_wandb": {"runtime": 1204}}