{"train position": 0.00119406683370471, "train rotation": 1.2820772099075839e-05, "train gripper": 1.3657375674824834e-08, "train total": 0.001206901273690164, "lr": 0.0001272711781467259, "_timestamp": 1679668744.8329663, "_runtime": 1219.8635692596436, "_step": 2079, "val-1-position": 0.007882114499807358, "val-1-rotation": 2.17638116737362e-05, "val-1-gripper": 1.8057107808999717e-08, "val-1-total": 0.00790389534085989, "val-10-position": 0.020564250648021698, "val-10-rotation": 2.2620404706685804e-05, "val-10-gripper": 1.3566205048221036e-08, "val-10-total": 0.020586883649230003, "_wandb": {"runtime": 1219}}