{"train position": 0.050769202411174774, "train rotation": 0.24640540778636932, "train gripper": 0.06984095275402069, "train total": 0.367015540599823, "lr": 6.006006006006006e-06, "_timestamp": 1680637004.8867934, "_runtime": 108.53247427940369, "_step": 80, "val-1-position": 0.07084204256534576, "val-1-rotation": 0.6086995005607605, "val-1-gripper": 0.08778887242078781, "val-1-total": 0.7673304080963135, "val-16-position": 0.0722000002861023, "val-16-rotation": 0.7219957113265991, "val-16-gripper": 0.07500607520341873, "val-16-total": 0.8692017793655396, "_wandb": {"runtime": 108}}