{"train position": 0.0012949493248015642, "train rotation": 9.585588850313798e-05, "train gripper": 7.367259513557656e-06, "train total": 0.0013981724623590708, "lr": 3.944627154725405e-05, "_timestamp": 1680641235.134754, "_runtime": 272.01363492012024, "_step": 315, "val-16-position": 0.01795702427625656, "val-16-rotation": 0.00014754780568182468, "val-16-gripper": 1.3591707102023065e-05, "val-16-total": 0.01811816357076168, "_wandb": {"runtime": 271}}