{"train position": 8.235704444814473e-05, "train rotation": 1.3207027222961187e-06, "train gripper": 2.7967370641590605e-09, "train total": 8.36805411381647e-05, "lr": 0.00026324245419147557, "_timestamp": 1679594406.7925985, "_runtime": 1497.8938105106354, "_step": 2079, "val-10-position": 0.0008002856047824025, "val-10-rotation": 1.7152354985228158e-06, "val-10-gripper": 3.441156692929326e-09, "val-10-total": 0.0008020042441785336, "val-1-position": 0.0012360702967271209, "val-1-rotation": 1.4263648608903168e-06, "val-1-gripper": 2.1091745239232296e-08, "val-1-total": 0.001237517804838717, "_wandb": {"runtime": 1497}}