{"train position": 4.4602955313166603e-05, "train rotation": 4.593002813635394e-06, "train gripper": 2.3737176491067657e-07, "train total": 4.943332896800712e-05, "lr": 5.090847125869036e-05, "_timestamp": 1679949055.4980228, "_runtime": 2061.0091817379, "_step": 2119, "val-1-position": 4.322918539401144e-05, "val-1-rotation": 5.126591531734448e-06, "val-1-gripper": 2.2551276401827636e-07, "val-1-total": 4.858128886553459e-05, "val-4-position": 0.0014152082148939371, "val-4-rotation": 7.516978257626761e-06, "val-4-gripper": 4.712644283699774e-07, "val-4-total": 0.0014231964014470577, "val-10-position": 0.00017384375678375363, "val-10-rotation": 4.500251179706538e-06, "val-10-gripper": 1.932371134216737e-07, "val-10-total": 0.0001785372442100197, "_wandb": {"runtime": 2060}}