{"train position": 6.422221485991031e-05, "train rotation": 2.9613599963340675e-06, "train gripper": 2.686632782911147e-08, "train total": 6.721043610014021e-05, "_timestamp": 1678823706.50092, "_runtime": 2495.3863661289215, "_step": 1019, "val-2-position": 3.9526959881186485e-05, "val-2-rotation": 3.2163729883905035e-06, "val-2-gripper": 2.7737533159211125e-08, "val-2-total": 4.277106927474961e-05, "_wandb": {"runtime": 2495}}