{"train position": 0.00020019971998408437, "train rotation": 2.9864611406082986e-06, "train gripper": 1.0983755771576398e-07, "train total": 0.00020329601829871535, "_timestamp": 1679259462.077922, "_runtime": 656.4452791213989, "_step": 1039, "val-2-position": 8.709126996109262e-05, "val-2-rotation": 2.3430081910191802e-06, "val-2-gripper": 1.116067807060972e-07, "val-2-total": 8.954588702181354e-05, "val-5-position": 0.03917992115020752, "val-5-rotation": 4.0302575143869035e-06, "val-5-gripper": 1.1392999965664785e-07, "val-5-total": 0.03918406739830971, "_wandb": {"runtime": 656}}