{"train position": 0.0001439803745597601, "train rotation": 3.427109049880528e-07, "train gripper": 0.0, "train total": 0.00014432308671530336, "lr": 0.00026324245419147557, "_timestamp": 1679594112.8339717, "_runtime": 1438.3175888061523, "_step": 2079, "val-10-position": 0.0014830997679382563, "val-10-rotation": 3.935795120924013e-07, "val-10-gripper": 0.0, "val-10-total": 0.0014834933681413531, "val-1-position": 0.0224212147295475, "val-1-rotation": 3.7321512991184136e-07, "val-1-gripper": 0.0, "val-1-total": 0.022421589121222496, "_wandb": {"runtime": 1438}}