{"train position": 7.704235031269491e-05, "train rotation": 4.678001346292149e-07, "train gripper": 1.1755883377873033e-08, "train total": 7.752190867904574e-05, "_timestamp": 1679236944.426156, "_runtime": 610.9803750514984, "_step": 1019, "val-1-position": 5.2284311095718294e-05, "val-1-rotation": 4.117887328902725e-07, "val-1-gripper": 1.1838576341460794e-08, "val-1-total": 5.270793189993128e-05, "_wandb": {"runtime": 610}}